{
  "format_version": "1.20.10",
  "minecraft:item": {
    "description": {
      "identifier": "lumstudio:sulphuric_acid_bucket",
      "category": "Items"
    },
    "components": {
      "minecraft:max_stack_size": 1,
      "minecraft:icon": {
        "texture": "lumstudio_sulphuric_acid_bucket"
      },
      "minecraft:display_name": {
        "value": "Bucket of Sulphuric Acid"
      },
      "minecraft:creative_category": {
        "parent": "itemGroup.name.bucket"
      },
      "minecraft:hand_equipped": true,
      "minecraft:tags": {
        "tags": [
          "placer:lumstudio:sulphuric_acid"
        ]
      }
    }
  }
}